"Story ID","Title","Description","Business Value","Acceptance Criteria","Technical Notes","Dependencies","Story Points","Labels"
"STORY-001","Donor identity resolution and the self-only access contract","Establish the identity and authorization foundation that every read in the donor portal depends
on. This story deliberately has **no query surface of its own**: it produces the rules the
querying stories obey, not a screen, a route or a saved search a donor can reach.

Three deliverables:

1. **Resolve the acting donor from the authenticated server-side session, and from no request
   input.** The contact identifier used to scope every subsequent read is derived from the
   session on the server. No request parameter, query string, header, cookie or form field may
   supply, override or influence it — a request that offers one is answered as though it had not.
2. **Identify in the target deployment, or create, a least-privileged donor role.** The role must
   grant portal access without conferring visibility or edit rights over other contacts.
   `view my invoices` is the purpose-built candidate permission; the role must not carry
   `view all contacts`, `edit all contacts` or `access CiviContribute`. Which of ""identify"" and
   ""create"" applies cannot be read from source and is `CLR-02`.
3. **Publish the scoping rule as one normative definition** — the four predicates in the table
   below. They are stated once, here. STORY-002 and STORY-003 each *implement* them and neither
   restates them, so a change to the rule cannot leave one path behind.

**The scoping contract.** Every query this Epic introduces — the history list in STORY-002 and
the receipt reads in STORY-003 and STORY-004 — is constrained by all four of these predicates,
applied server-side and not exposed as a filter a caller can relax:

| # | Predicate | What it requires |
|---|---|---|
| 1 | session-derived `contact_id` | the contribution's `contact_id` equals the contact resolved from the authenticated server-side session, never a contact identifier taken from the request |
| 2 | `contribution_recur_id IS NOT NULL` | only contributions tied to a recurring gift qualify, which is the Epic's own boundary on the list and receipt queries it introduces |
| 3 | `is_test = false` | test-mode transactions never reach a donor's list, a donor's receipt view or a donor's download |
| 4 | `receive_date <= now` | ""past"" is an inclusive comparison against the current time, evaluated in the site's configured timezone, so that nothing dated in the future is presented as a past contribution |

Predicates 2, 3 and 4 constrain **the queries this Epic introduces**. They are not an
instruction to withdraw anything a donor can see today; the existing all-contributions pane on
the donor route is unaffected, as recorded in `epics.md` §1.2.

**Form of delivery.** CiviCRM role and permission configuration, plus the written contract above
as a reviewable artifact. This story delivers **no application code and no saved search** — the
saved search that implements predicates 1 to 4 on the list path belongs to STORY-002, and the
server-side receipt path that re-applies them belongs to STORY-003.","Makes donor self-service safe enough to switch on at all.

The business case for the portal is that **donors cannot do simple things themselves outside
business hours**, that **every request currently goes through a staff member** who reads or edits
the record directly, and that this **costs the team several hours a week**. None of that relief
can be delivered until the portal can be trusted to show a donor only their own records — so the
value of this story is that it is what makes the other three shippable rather than merely
demonstrable.

It delivers the **authorization half** of the success criterion that *the portal only exposes a
donor's own contribution history, never another donor's*. STORY-002 delivers the query half, and
STORY-003 the single-record half.

The weight is disproportionate to the point estimate, and deliberately so. Because the
access-control chain leaves a query predicate as the only barrier between a donor and the whole
contribution table (see Technical Notes), **an error in the contract defined here propagates into
every dependent story at once** — it cannot be contained to one screen and cannot be caught by a
layer behind it.","[ ] Given an authenticated donor session, when the acting donor is resolved, then the contact identifier comes from the server-side session and from no request parameter, query string, header, cookie or form field.
[ ] Given a request that supplies a contact identifier as a parameter, when it is handled, then the supplied value is ignored and the session-derived identifier is used.
[ ] Given two authenticated sessions for different contacts, when each resolves the acting donor, then each receives only its own contact identifier.
[ ] Given an unauthenticated request to any donor portal route, when it is handled, then it is refused or redirected to authentication and no contribution data appears in the response.
[ ] Given the role assigned to donors on the target instance, when its granted permissions are enumerated, then it holds no permission conferring visibility or edit rights over other contacts, and specifically not `view all contacts`, `edit all contacts` or `access CiviContribute`.
[ ] Given the scoping contract, when the dependent stories are reviewed, then all four predicates are stated once in this story and referenced rather than redefined by STORY-002 and STORY-003, so a change to the rule cannot leave one path behind.","Every claim below is a **reading of source at the stated address**, obtained by static inspection
of this checkout. No runtime was stood up for this run, so nothing here rests on observed
behaviour, and any statement about what a *particular deployment* has configured is raised as a
clarification rather than asserted. The baseline is CiviCRM `6.17.alpha1`
([`xml/version.xml`:3]); a different target version must be re-checked against these addresses
before the story is estimated as it stands.

**Where the tenant boundary is actually computed — and therefore the path this story tests.** The
`user_contact_id` token that the dependent predicates use is resolved on the **input** side of
the query, not by an access-control layer wrapped around it. `FormattingUtil::formatInputValue()`
([`Civi/Api4/Utils/FormattingUtil.php`:85-127]) routes a non-numeric operand on a contact-keyed
field through `resolveContactID()` ([`Civi/Api4/Utils/FormattingUtil.php`:532-543]), which
delegates to `_civicrm_api3_resolve_contactID()` ([`api/v3/utils.php`:2175-2205]) and throws a
`CRM_Core_Exception` when the expression cannot be resolved to a contact. For the literal
`user_contact_id`, that function returns `CRM_Core_Session::getLoggedInContactID()`
([`api/v3/utils.php`:2186-2187]) — which is precisely why the identifier is session-derived
rather than request-derived, and it is the seam the first three acceptance criteria exercise.

**Why `access Contact Dashboard` is not sufficient, and what the least-privilege candidate is.**
The dashboard permission's own description reads ""View Contact Dashboard (for themselves and
visible contacts)"" ([`CRM/Core/Permission.php`:807-810]) — *and visible contacts*, so holding it
does not establish self-only access and it cannot be the mechanism that enforces the Epic's
boundary. `view my invoices` is donor-scoped by design, described as ""Allow users to view/
download their own invoices"" ([`CRM/Core/Permission.php`:958-961]), which makes it the
least-privilege candidate for the receipt capability the later stories deliver.

**No donor-appropriate role is seeded by default.** The Standalone identity extension's
post-install routine ([`ext/standaloneusers/CRM/Standaloneusers/Upgrader.php`:45]) seeds exactly
three roles — anonymous, administrator and staff
([`ext/standaloneusers/CRM/Standaloneusers/Upgrader.php`:53-100], role identities at
[`ext/standaloneusers/CRM/Standaloneusers/Upgrader.php`:58,72,80]) — and grants
`access Contact Dashboard` only to `staff`
([`ext/standaloneusers/CRM/Standaloneusers/Upgrader.php`:86]), which in the same grant also
carries `view all contacts` ([`ext/standaloneusers/CRM/Standaloneusers/Upgrader.php`:90]) and
`edit all contacts` ([`ext/standaloneusers/CRM/Standaloneusers/Upgrader.php`:91]). So the only
seeded role that can reach the dashboard is one the fifth acceptance criterion forbids for a
donor. Worth noting for the role design: that same seeded grant does include `view my invoices`
([`ext/standaloneusers/CRM/Standaloneusers/Upgrader.php`:108]) alongside `access CiviContribute`
([`ext/standaloneusers/CRM/Standaloneusers/Upgrader.php`:104]) — the candidate permission is
available, but the role carrying it is far broader than a donor needs. This claim is bounded to
those addresses: it describes what that installer seeds, not what any live deployment now has,
which is not readable from source and must be established against the target instance rather than
assumed. That is `CLR-02`.

**Authentication surfaces, and the alpha caution this story inherits.** Remote and API
authentication is owned by `authx`, which declares `stable` ([`ext/authx/info.xml`:19]), is
flagged `mgmt:required` ([`ext/authx/info.xml`:20-22]) and enables username-password, API key
and/or JWT credentials ([`ext/authx/info.xml`:36]). The Standalone identity layer that would
serve interactive donor logins is a different component with a different maturity: it declares
`alpha` ([`ext/standaloneusers/info.xml`:19]) and its manifest warns ""Don't enable this on a
standard CMS-based install!"" ([`ext/standaloneusers/info.xml`:38]). Carry that caution rather
than discount it — **the identity layer this story may depend on is not production-grade by its
own declaration, and that risk is inherited by everything downstream of it**, because all three
later stories scope their queries with the identifier it authenticates. The credential mechanism
being stable does not make the user-management layer stable. Which surface actually serves donors
on the target instance is `CLR-01`, and it is the question this story cannot answer from source.

**Routing constraint on anything the later stories expose.** Any donor-facing route must sit
under `civicrm/…`: a Standalone deployment refuses any path whose first segment is not `civicrm`,
returning a 404 and exiting ([`Civi/Standalone/WebEntrypoint.php`:59-63]) before it boots the
container or loads resources ([`Civi/Standalone/WebEntrypoint.php`:65-69]). This story defines no
route, but the constraint belongs to the access contract because it bounds where a compliant one
can live.

**Why this contract carries the weight it does: the boundary is a query predicate, not an ACL.**
On the ACL-bypassing donor display the saved search's own `WHERE` clause is the sole record-level
boundary. The ACL clause returns empty as soon as permission checks are off
([`Civi/Api4/Query/Api4SelectQuery.php`:336-338]), so the generic Contact ACL subquery that a
permission-checked read would otherwise inherit — added for any `contact_id` field keyed to
Contact, before the select-where hook is dispatched ([`CRM/Core/DAO.php`:3186-3207], the
contact-keyed clause at [`CRM/Core/DAO.php`:3191-3195] and the hook at
[`CRM/Core/DAO.php`:3206]) — is never composed at all. Nothing stands behind the predicate to
catch a defect in it. That is the structural reason this story is security-critical rather than
merely functional, why it is prioritised High, and why the contract is published once here
instead of being restated per story.

**Specification anchors.** F-018 (AuthX), F-020 and F-021 (Standalone and Standalone User
Management, the latter alpha-stage in the ingested Technical Specification's own assessment), and
F-029 (ACL), together with §6.4.2 and §6.4.3. Feature identifiers take the form `F-XXX` and
requirement identifiers `F-XXX-RQ-YYY`. These anchors point at the ingested Technical
Specification, not at a file in this repository.

**Open questions.** Both are classified **blocking** for the later implementation run —
authorization cannot be settled without them — and `epics.md` §7 is where that classification is
authoritative:

`[NEEDS CLARIFICATION: CLR-01 — Which authentication surface serves donors: a CMS-embedded CiviCRM, or Standalone via the ext/standaloneusers identity layer, which its own manifest declares alpha and experimental?]`

`[NEEDS CLARIFICATION: CLR-02 — What role will donors hold? No donor-appropriate role is seeded by default, and the only seeded role with dashboard access is staff, which also holds view all contacts and edit all contacts. Does a least-privileged role already exist in the target deployment, or must one be created?]`","","5","donor-portal security access-control foundation"
"STORY-002","Recurring-gift contribution history list scoped to the donor","Implement the donor-facing recurring-gift history list, and with it **the query predicate that is
the record-level boundary on this path**. This is the story in which the Epic's isolation
requirement stops being a contract and becomes a `WHERE` clause.

Delivered as a **managed SavedSearch and SearchDisplay pair on the `Contribution` entity**,
reading through APIv4 `Contribution.get`, applying **all four predicates from STORY-001's
contract inside the saved search itself** rather than as exposed filters. ""Inside the saved
search"" is the load-bearing part: a predicate a caller can see is a predicate a caller can try to
relax, and on this display there is nothing behind it (see Technical Notes).

Surfaced by **tagging the saved search `UserDashboard`**, which the existing layout provider
composes into the dashboard form with **no change to layout or provider code** — the pair is
itself declared in a `.mgd.php` configuration file, so this avoids *procedural* change, not all
PHP. Packaged `'update' => 'unmodified'` so later corrections reach installations that have not
locally edited the entity.

The list carries **the row-level link from which STORY-003's receipt is reached**, with the
display's `actions` setting left false — so the affordance a donor gets is one receipt for one
row they own, not a bulk task and not a result-set export.

**What this story does not do.** It does not withdraw anything a donor can see today. The
recurring-only rule (predicate 2) constrains **the queries this Epic introduces**; the existing
all-contributions pane on the donor route is **not removed**, and one-time and non-recurring
donation handling is unaffected, as recorded in `epics.md` §1.1 and §1.2. How the new
recurring-only pane and the existing all-contributions pane are presented together is a
presentation question, raised below as `CLR-04` and deliberately not answered here. It also
defines no receipt rendering: this story supplies the affordance and STORY-003 supplies what the
affordance resolves to.","Gives donors a history they can open at any hour instead of asking a staff member to look it up.

The business case names three pains this list addresses at once. **Every request currently goes
through a staff member**, who reads or edits the donor's record directly — there is no route by
which a donor answers ""what have I given, and when?"" for themselves. **That costs the team
several hours a week**, spread across the people who field the requests. And **donors are
frustrated at being unable to do simple things themselves outside business hours**, because the
queue only moves when the office is open. A self-service list removes the lookup from the queue
rather than making it faster, which is why the relief is structural instead of incremental.

It also relieves the pain the other stories cannot: **in the fourth quarter the volume overwhelms
the team**, and staff can no longer keep up with the requests arriving at the busiest giving time
of the year. A list that answers the most common question without a human in the loop is what
takes load off that peak.

Against the Epic's success criteria, this story delivers the **query half** of *the portal only
exposes a donor's own contribution history, never another donor's* — STORY-001 delivers the
authorization half and STORY-003 the single-record half. It is also the story every later one
stands on: the receipt stories are reached **from this list**, so a donor who cannot see their
recurring gifts cannot receipt them either.","[ ] Given contributions seeded for two different donors, when donor A's list renders, then every row shown belongs to donor A and none of donor B's appears.
[ ] Given a donor with both recurring and one-time contributions, when the list renders, then only contributions whose `contribution_recur_id` is non-null appear.
[ ] Given test-mode contributions exist for the donor, when the list renders, then none of them appears.
[ ] Given a recurring contribution whose `receive_date` is in the future, when the list renders, then it does not appear, so the list shows only past contributions as the Epic requires.
[ ] Given a recurring-gift record has been deleted and its contributions' links nulled, when the list renders, then those contributions do not appear, consistent with the `contribution_recur_id` boundary.
[ ] Given a donor with no qualifying contributions, when the list renders, then an empty state is shown that a tester can distinguish from an error or a permission failure.
[ ] Given the list renders, then each row exposes the contribution's amount, contribution status, receive date, and the date a receipt was sent where `receipt_date` holds one — labelled as the date a receipt was sent, not as an assertion that a receipt document exists.
[ ] Given the list renders, when every receipt affordance shown is followed, then each one produces either receipt content or the defined no-receipt state, and no affordance is presented that cannot resolve to either.","Every claim below is a **reading of source at the stated address**, obtained by static inspection
of this checkout. No runtime was stood up for this run, so nothing here rests on observed
behaviour, and any statement about what a *particular deployment* has configured is raised as a
clarification rather than asserted. The baseline is CiviCRM `6.17.alpha1`
([`xml/version.xml`:3]); a different target version must be re-checked against these addresses
before the story is estimated as it stands. Where the same file is cited repeatedly, its path is
given in full once in that passage and the later citations in the passage are line numbers alone —
a citation of the form ([`:68`]) always means that line of the file named in full immediately
before it.

**The specification documents this surface, so this is an extension of a supported concept rather
than an invention.** §7.3.4 of the ingested Technical Specification records constituent
self-service through `ext/user_dashboard`, presenting a constituent's own contributions and other
records, built from SearchKit saved searches under the
`managed/SavedSearch_UserDashboard_*.mgd.php` pattern. This story follows that pattern; it does
not propose a new one.

**Follow the shipped pair, and add exactly three predicates to it.** The model to copy is
[`ext/user_dashboard/managed/SavedSearch_UserDashboard_Contributions.mgd.php`:1-110] — a
110-line file, referred to below by line number alone. It declares a SavedSearch on `api_entity`
`Contribution` ([`:19`]) paired with a `table` SearchDisplay, both under
`'update' => 'unmodified'` ([`:13`,`:47`]) with match keys `['name']` ([`:38-40`]) and
`['name', 'saved_search_id']` ([`:104-107`]), the whole file guarded on the CiviContribute
component being enabled ([`:4-6`]). Its `where` clause is
`['contact_id', '=', 'user_contact_id']` **and nothing else** ([`:30-32`]) — which is predicate 1
of STORY-001's contract on its own. So **predicates 2, 3 and 4 — recurring-only, non-test and the
`receive_date` upper bound — are the delta this story adds**, and criteria 2, 3 and 4 are the
tests for exactly those three. The display sets `'acl_bypass' => TRUE` ([`:55`]) and
`'actions' => FALSE` ([`:97`]); both settings are discussed below, and both should be carried over
deliberately rather than by copy-paste.

**Criterion 7's column set is already demonstrated by that pane, including the labelling nuance.**
In [`ext/user_dashboard/managed/SavedSearch_UserDashboard_Contributions.mgd.php`] the display
carries `total_amount` ([`:68`]), `receive_date` ([`:80`]), `contribution_status_id:label`
([`:92`]) and `receipt_date` — and it labels that last column **""Receipt Sent""** ([`:86-88`]).
Preserve that label or an equivalent. The column records when a receipt was *sent*; it does not
record that a receipt document exists, and a label such as ""Receipt"" would assert the second while
displaying the first.

**What the `'update' => 'unmodified'` policy actually does — state the conditional, not the
blanket claim.** Managed-entity reconciliation **updates** an entity that has not been locally
modified and **preserves** one that has. The decision is made in `updateExistingEntity()`
([`CRM/Core/ManagedEntities.php`:302-350]): under the `unmodified` policy
([`CRM/Core/ManagedEntities.php`:312]) it reduces to
`$doUpdate = empty($item['entity_modified_date'])`
([`CRM/Core/ManagedEntities.php`:317]). The practical consequence for planning: **a shipped
correction to this pane's predicates does reach installations that have not touched it**, while an
installation where an administrator has edited the search or display keeps the local edit and
needs manual attention. Both halves matter — the first is why shipping a fix is worthwhile, the
second is why a security-relevant predicate change cannot be assumed to have landed everywhere.

**Afform already renders a read-only donor history view, so no custom component is needed for the
list.** [`ext/user_dashboard/ang/afsearchUserDashboard.aff.php`:4-9] is a `search`-type Afform
published on `server_route` `civicrm/user` and gated on the permission
`access Contact Dashboard`. That answers the ""must we build a component?"" question for this story
in the negative; the receipt stories are a different matter and STORY-003 owns it.

**Surfacing the new pane needs no procedural change.** The layout provider builds one
`af-fieldset` pane per tagged display, querying `SearchDisplay.get` for displays whose saved
search carries the `UserDashboard` tag and appending the markup for each
([`ext/user_dashboard/Civi/UserDashboard/DashboardAfformLayoutProvider.php`:26-55]). The tag
itself is applied by a `post` hook that fires on creation of **any** SavedSearch whose name begins
`UserDashboard_`, irrespective of which extension declared it
([`ext/user_dashboard/user_dashboard.php`:60-70]). Two consequences: packaging the pair in a new
extension does not by itself require a dedicated route, and hosting is therefore a separate
decision, taken under `CLR-03` below.

**Three further readings that bear directly on how this pane is declared.**

1. **The legacy pane-enablement gate does not apply to a new pane.** The tagging hook consults
   the legacy `user_dashboard_options` setting, but only through a map of the **eight enumerated
   core pane names** ([`ext/user_dashboard/user_dashboard.php`:77-86]). A name absent from that
   map resolves to `NULL` ([`ext/user_dashboard/user_dashboard.php`:88]) and takes the
   `!$settingName` branch of the condition
   ([`ext/user_dashboard/user_dashboard.php`:90]) — so **a new recurring-gift pane is tagged
   unconditionally**, with no setting to switch it on. If the pane needs to be optional, that
   mechanism has to be designed; it is not inherited.
2. **The tag must not be declared in the new pane's own `.mgd.php`.** The hook's docblock states
   the reason: were the tag part of the `.mgd.php`, it would ""stick"", and an administrator's
   untagging would revert on every managed reconcile
   ([`ext/user_dashboard/user_dashboard.php`:51-56]). Declaring the tag declaratively would
   therefore trade an administrator's control for apparent tidiness. Let the hook do it.
3. **Pane order is alphabetical by display `name`, and only current searches are composed.** The
   provider's query filters on `saved_search_id.is_current = TRUE` and orders by `name` ascending
   ([`ext/user_dashboard/Civi/UserDashboard/DashboardAfformLayoutProvider.php`:38-41]). This is
   concrete input to `CLR-04` rather than a detail: **the name chosen for the new display fixes
   its position relative to the shipped `UserDashboard_Contributions` pane**, so the presentation
   question has a naming consequence and should not be settled after the name is fixed.

One note for whoever writes the tests, since this story adds a `UserDashboard_*` SavedSearch and
so fires that hook: the condition passes `$legacySetting['value']` to `in_array()` as the haystack
with no null guard ([`ext/user_dashboard/user_dashboard.php`:90]), so a context in which the
setting resolves to `NULL` reaches `in_array()` with a non-array second argument. Plan the fixture
setup with that in view.

**Read through APIv4 `Contribution.get`, which is inherited rather than overridden.** The
contribution entity is supplied by an extension and extends the generic DAO entity
([`ext/civi_contribute/Civi/Api4/Contribution.php`:21]), overriding only write actions — `create`,
`save` and `update`
([`ext/civi_contribute/Civi/Api4/Contribution.php`:27,36,45]). `get` is therefore the inherited
generic action and a where-clause read is the supported path. Per the instruction governing this
Epic, the portal reads through the API layer; **no BAO or DAO call is introduced on this path**.

**Keep `actions` false and carry the receipt affordance as a column `link` — and set it
explicitly.** A column's `link` and `links` configuration is preprocessed
([`ext/search_kit/Civi/Api4/Action/SearchDisplay/AbstractRunAction.php`:903-908]) and rendered
([`ext/search_kit/Civi/Api4/Action/SearchDisplay/AbstractRunAction.php`:576-588]) on a path
independent of the `actions` setting, so **a row link to a receipt works with `actions` left
false**. What `actions` governs instead is which bulk tasks are enabled for the display
([`ext/search_kit/Civi/Api4/Event/Subscriber/SearchDisplayTasksSubscriber.php`:48-59]) and
whether a result-set export is permitted at all — the download action refuses a display without
actions enabled ([`ext/search_kit/Civi/Api4/Action/SearchDisplay/Download.php`:31-34]). Keeping it
false is what keeps bulk tasks and whole-list export out of a donor's reach, which matters because
list-level export is a capability this Epic does not grant. Note that the default-display
subscriber turns `actions` **on** for `table`-type displays
([`ext/search_kit/Civi/Api4/Event/Subscriber/DefaultDisplaySubscriber.php`:152-165], the
assignment itself at [`:154`]), so **the new display must set it to false explicitly** rather than
relying on an absent setting; the shipped pane does exactly that
([`ext/user_dashboard/managed/SavedSearch_UserDashboard_Contributions.mgd.php`:97]).

**The predicate is the whole boundary. This is the single most important fact in the story.**
Because the display sets `acl_bypass`, the display runner **disables permission checks on the
underlying query** with one assignment
([`ext/search_kit/Civi/Api4/Action/SearchDisplay/AbstractRunAction.php`:135]). Once checks are
off, the ACL clause returns empty immediately
([`Civi/Api4/Query/Api4SelectQuery.php`:336-338]), so neither the generic Contact ACL subquery
that a permission-checked read would inherit for a `contact_id` field keyed to Contact
([`CRM/Core/DAO.php`:3186-3207], the contact-keyed clause at [`CRM/Core/DAO.php`:3191-3195]) nor
the `financialacls` select-where hook
([`ext/financialacls/financialacls.php`:87], dispatched from
[`CRM/Core/DAO.php`:3206]) is composed at all. **Nothing stands behind the saved search's `WHERE`
clause to catch a defect in it**, which is why criterion 1 is a cross-donor test rather than a
smoke test and why this story is prioritised High in `epics.md` §4.3.

What does protect the display is a gate one level up, and it is worth knowing so it is not
mistaken for record-level protection: a display with `acl_bypass` is reachable only when embedded
in an Afform the caller may view, enforced with an unauthorized exception
([`ext/search_kit/Civi/Api4/Action/SearchDisplay/AbstractRunAction.php`:127-133]) and satisfied by
loading that form with permission checks enabled and confirming the display appears in its layout
([`ext/search_kit/Civi/Api4/Action/SearchDisplay/AbstractRunAction.php`:1795-1830]). That gate
decides **whether the caller may run the display at all**; it says nothing about **which rows**
come back. Two design constraints follow, and they are settled rather than open:

- **The self-only predicate stays in the SavedSearch itself.** Not in the display, not in the
  Afform, not in a filter.
- **No contact identifier is exposed as a filter.** Predicate 1 is satisfied by the
  `user_contact_id` token, whose resolution STORY-001 documents; a request-supplied contact
  identifier must have nowhere to go.

Supporting fact for the change-control conversation: setting `acl_bypass` is restricted to
super-administrators, non-super-admins may not create or update a display with it set, and a
SavedSearch linked to such a display cannot be updated by anyone else
([`ext/search_kit/CRM/Search/BAO/SearchDisplay.php`:59-87]). The pane is therefore hard for a
site administrator to weaken by accident — and equally hard for them to fix in place.

**Performance: the recurring filter is unindexed.** The entity's complete index block runs
[`schema/Contribute/Contribution.entityType.php`:21-79], and `contribution_recur_id` occurs
exactly once in that file, at
[`schema/Contribute/Contribution.entityType.php`:411] — the column declaration itself. **No index
declared for this entity covers the recurring filter.** The claim is bounded to those two
addresses: it is what this schema file declares, not a statement about indexes a particular
database may have acquired by other means. Size the query work accordingly, on a table that in
production holds every contribution the organisation has ever recorded. This is recorded as a
**consideration, not proposed as schema work** — adding an index is outside this Epic's scope.

Supporting column declarations. Every line number in the table below is a line in
[`schema/Contribute/Contribution.entityType.php`]:

| Column | Declaration | Why it matters here |
|---|---|---|
| `contact_id` | required, FK to Contact, `on_delete CASCADE` ([`:97-117`]) | the column predicate 1 filters on |
| `contribution_recur_id` | `int unsigned`, `readonly`, FK to `ContributionRecur.id`, `on_delete SET NULL` ([`:411-429`]) | predicate 2's column; the `SET NULL` is why criterion 5 holds |
| `receive_date` | `datetime` ([`:189`]) | predicate 4's column, and a displayed field |
| `receipt_date` | nullable, described as ""when (if) receipt was sent"" ([`:356-370`]) | criterion 7's labelling nuance, and why criterion 8 admits a no-receipt state |
| `is_test` | required, default `FALSE` ([`:430`]) | predicate 3's column |

Two of those declarations answer criteria directly. **`on_delete SET NULL` on
`contribution_recur_id` is why criterion 5 is a consequence rather than a design choice**: when a
recurring-gift record is deleted, the link on its contributions is nulled, and those contributions
then fail predicate 2 — they leave the list by the Epic's own criterion, with no additional logic.
And `is_test` defaulting to `FALSE` with no filter on the shipped pane is why predicate 3 must be
written explicitly: the default keeps ordinary records visible, it does not exclude the test ones.
The recurring entity the foreign key targets is declared at
[`schema/Contribute/ContributionRecur.entityType.php`:3-12], cited for identity only — recurring
mutation is outside this run's investigation boundary and nothing about it was examined.

**Risk context — carried as risk, not converted into work.** Three items belong in the estimate
conversation and none of them becomes a story here:

- **The candidate host extension is alpha.** `ext/user_dashboard` declares
  `<develStage>alpha</develStage>` ([`ext/user_dashboard/info.xml`:19]) and its manifest says in
  as many words that the extension ""is still experimental""
  ([`ext/user_dashboard/info.xml`:33]). Building a security-critical pane on it is a decision, not
  a default — see `CLR-03`.
- **AngularJS is end-of-life.** The estate pins AngularJS at `1.8.2`
  ([`composer.json`:145-146]), a release unsupported since January 2022. Any donor pane inherits
  that constraint. It is a reason to prefer declarative configuration where configuration
  demonstrably suffices — as it does for this list — and to keep any new surface small. It is not
  remediation work in this Epic.
- **The host extension has no automated coverage.** `ext/user_dashboard` ships fifteen files, none
  of them a test, and the three declared PHPUnit suites cover `./tests/phpunit/api`,
  `./tests/phpunit/CRM` and `./tests/phpunit/Civi` ([`phpunit.xml.dist`:17-27]) — none of which
  reaches an extension directory. Bounded to those addresses, that is a **confidence gap**: the
  eight criteria above are the first assertions this surface will have, so budget for building the
  fixtures as well as the pane.

**On `CLR-03`, the three hosting options are genuine and the story should not pre-empt the
choice.** `civicrm/user` is a **core** route whose default page callback is the legacy Smarty
dashboard ([`CRM/Core/xml/Menu/Contact.xml`:207-213]), which the extension's Afform route
displaces when the extension is enabled. So: extending the legacy dashboard means Smarty template
code, but on a core surface that already has PHPUnit coverage — six test methods including
donor-dashboard contribution content
([`tests/phpunit/CRM/Contact/Page/View/UserDashBoardTest.php`:21-289], the contribution cases at
[`:79`,`:144`]) — which the alpha Afform dashboard does not have; adopting that Afform dashboard is
the lowest-code option but inherits the maturity and coverage risks above; and packaging the
managed entities in a
new extension keeps ownership and upgrade control with the new work while still surfacing through
the existing tag mechanism ([`ext/user_dashboard/user_dashboard.php`:60-70]). All three are
compatible with the criteria above, which is precisely why the decision has to be taken
explicitly rather than absorbed.

**Specification anchors.** F-004 (CiviContribute), F-012 (APIv4), F-016 (Afform), F-017
(SearchKit) and F-023 (Financial Access Controls), together with §6.2.2 and §7.3.4. Feature
identifiers take the form `F-XXX` and requirement identifiers `F-XXX-RQ-YYY`. These anchors point
at the ingested Technical Specification, not at a file in this repository.

**Open questions.** Three, none of them answered here. `CLR-03` is classified **blocking** —
architecture cannot be settled without it — and `CLR-04` and `CLR-11` are **informational**,
meaning implementation may proceed while the answer is confirmed rather than that the answer can
be skipped. `epics.md` §7 is where that classification is authoritative:

`[NEEDS CLARIFICATION: CLR-03 — Where is the pane hosted: extend the legacy Smarty dashboard, add it to the alpha Afform dashboard in ext/user_dashboard, or package the managed entities in a new extension and surface them through the existing tag mechanism? 0.5.5 compares the three.]`

`[NEEDS CLARIFICATION: CLR-04 — How are the new recurring-only pane and the existing all-contributions pane presented together on the donor route, so a donor is not confused about which list they are reading? Both may coexist; this is a presentation decision, not a decision to remove existing content.]`

`[NEEDS CLARIFICATION: CLR-11 — Should Failed and Cancelled recurring contributions appear in the donor's history list? Showing them tells a donor a payment did not succeed, which is a transparency and support question; hiding them keeps the list to successful giving. Remediating a failed payment is out of scope, so this decides visibility only.]`","STORY-001","8","donor-portal searchkit afform civicontribute"
"STORY-003","Recurring-gift receipt viewing","Let a donor open the receipt for one of their own recurring-gift contributions, reached from the
row-level link on the STORY-002 list.

**The read.** A purpose-scoped server-side path gates on the donor role's permission, then issues
an APIv4 `Contribution.get` with `checkPermissions` set false and **all four of STORY-001's
predicates appended by the server**. The caller supplies a contribution identifier and nothing
that can widen the query. This mirrors the list path deliberately, so that the record-level
boundary lives in one kind of place on both donor surfaces rather than in two different
mechanisms a reviewer has to compare.

**That design is forced rather than preferred**, and the distinction matters: a reader who takes
it for a preference will reasonably propose the safer-*looking* alternative of leaving permission
checks on. Core requires `access CiviCRM` **and** `access CiviContribute` for a permission-checked
`Contribution.get`, and `access CiviContribute` itself confers viewing all contributions for
visible contacts — so it is over-privileged for a donor, and a permission-checked read is
therefore unavailable to a least-privileged donor role. The addresses are in Technical Notes.

**The consequence is explicit and must not be discovered later.** With checks disabled, neither
the generic Contact ACL clause nor the financial-type filter is inherited. Any financial-type
restriction on donor receipts has to be applied by this path itself, because it is inherited from
nowhere — which is `CLR-05`.

**This story also owns the reuse-or-replace decision.** A donor-reachable receipt route already
ships in core, `civicrm/contribute/invoice`, and its access check does not verify that the
requested contribution belongs to the caller. Whether to harden that route and reuse it, or leave
it as it is and specify an independent receipt path, is `CLR-10` — raised here and deliberately
not answered.

The read stays in the API layer: **no BAO or DAO call is introduced on this path**, per the
instruction governing this Epic.","Answers the request donors currently have to make of staff.

The business objective supplied with this request records that **a donor who wants a copy of a
past receipt has to ask staff for it** — that specific request is the one this story removes from
the queue. It also records that **every request goes through a staff member** who reads the
donor's record directly, that fielding them **costs the team several hours a week** across the
people who handle them, and that **donors are frustrated at being unable to do simple things
themselves outside business hours**, because the queue only moves when the office is open.

It delivers the **view** half of the success criterion that a donor can *view and download a
receipt for any past contribution generated by their recurring gift(s) specifically*. STORY-004
delivers the download half, against the same contract.

It also delivers the single-record half of the criterion that the portal *only exposes a donor's
own contribution history, never another donor's* — **at the exact point where the donor-reachable
route already in the codebase does not**. STORY-001 defines the authorization contract and
STORY-002 enforces it on the list; this story is where ownership is enforced on a request that
names one record, which is the check the existing route omits (see Technical Notes). That is why
it carries High priority in the roster even though it adds no new data to the portal: it is the
story that closes the Epic's ""and nothing else's"" boundary on single-record access.","[ ] Given a donor viewing their history list, when they select one of their own eligible recurring-gift contributions, then the receipt content for that contribution is displayed.
[ ] Given a contribution identifier belonging to another donor, when it is requested directly with any combination of request parameters, then the response is indistinguishable from the response for an identifier that does not exist, disclosing nothing about whether the record exists.
[ ] Given a contribution identifier that fails any scoping predicate — one-time, test-mode, or future-dated — when it is requested directly, then it is refused under that same non-disclosing contract.
[ ] Given a contribution outside the eligible-status set configured for donors, when it is requested, then it is refused under the same non-disclosing contract; and given an eligible Refunded or Cancelled contribution, the credit-note variant is rendered rather than a plain receipt.
[ ] Given a receipt is displayed, then no column of the contribution record is written, verified by comparing the record before and after the request, and no new logging or audit capability is exercised beyond what `CLR-10` authorises for the chosen route.
[ ] Given a contribution with no recorded `receipt_date`, when the donor opens it, then a defined state is shown rather than an error or a blank document, `receipt_date` is not written, and nothing is presented as the receipt originally issued unless it is verifiably that artifact.
[ ] Given a receipt is displayed, then its content is consistent with the contribution's recorded amount and receive date.","Every claim below is a **reading of source at the stated address**, obtained by static inspection
of this checkout. No runtime was stood up for this run — no CiviCRM instance was installed, no
request was issued and no data was retrieved — so nothing here rests on observed behaviour, and
any statement about what a *particular deployment* has configured is raised as a clarification
rather than asserted. The baseline is CiviCRM `6.17.alpha1` ([`xml/version.xml`:3]); a different
target version must be re-checked against these addresses before the story is estimated as it
stands.

**Why the read mechanism is forced, not chosen.** Leaving permission checks **on** looks like the
safer option, and it is not available. Core's
permission map requires `access CiviCRM` **and** `access CiviContribute` for a permission-checked
`Contribution.get` ([`CRM/Core/Permission.php`:1238-1257], the entity's `get` entry inside the
block opened at [`CRM/Core/Permission.php`:1239]). `access CiviContribute` is itself described as
conferring the ability to ""Record backend contributions (with edit contributions) and view all
contributions (for visible contacts)"" ([`CRM/Contribute/Info.php`:55-64], the description at
[`CRM/Contribute/Info.php`:59]). Granting a donor role that permission in order to let a donor
read their own receipt would grant it the ability to view other contributions — the opposite of
the Epic's boundary. So the read is a server-side path with `checkPermissions` set false and the
predicates appended by the server, and that follows from core's own permission map rather than
from a preference.

**State the corollary plainly, because it is the part that gets missed.** The ACL clause returns
empty the moment permission checks are off ([`Civi/Api4/Query/Api4SelectQuery.php`:336-338],
inside `getAclClause()` at [`Civi/Api4/Query/Api4SelectQuery.php`:335]). Two things a
permission-checked read would otherwise inherit are therefore never composed at all:

- the **generic Contact ACL subquery** the DAO contributes for any `contact_id` field keyed to
  Contact ([`CRM/Core/DAO.php`:3186-3207], the contact-keyed clause at
  [`CRM/Core/DAO.php`:3191-3195]) — which would in any case resolve to the caller's *visible
  contacts* rather than to self-only, so it is not a substitute for predicate 1; and
- the **financial-type filter** `financialacls` injects through the select-where hook
  ([`ext/financialacls/financialacls.php`:87]), which is dispatched only while that ACL clause is
  being built ([`CRM/Core/DAO.php`:3206]).

Any financial-type restriction on donor receipts must therefore be applied by this path itself.
That is `CLR-05`, and it is the reason the flag is classified blocking rather than informational.

Record authorization adds nothing here either: for a get action `checkAccessRecord()` re-runs the
request as a permission-checked get and returns before dispatching its listener, because
`authorizeRecord` does not consistently check permissions for `get`
([`Civi/Api4/Utils/CoreUtil.php`:253-265], the short-circuit at
[`Civi/Api4/Utils/CoreUtil.php`:257-262]). There is no second layer to fall back on.

**The non-disclosing response contract.** Every path that accepts a contribution identifier
returns **one identical response** for all six of the following:

1. an identifier that does not exist;
2. an identifier the donor does not own (predicate 1);
3. an identifier whose recurring link is null (predicate 2);
4. an identifier flagged as test-mode (predicate 3);
5. an identifier dated in the future (predicate 4);
6. an identifier outside the eligible-status set configured for donors (`CLR-13`).

A distinct ""forbidden"" response for an unowned record would confirm that the record exists, and
would let a caller who varies the identifier map the contribution table by response class alone —
so the refusal must not vary, must not vary in timing detail a caller can read, and must not
distinguish ""not yours"" from ""not there"".

This matters more here than it usually would, because **the route already in the codebase fails
exactly this way**: its access check validates the caller's `cid` and never the requested
contribution's ownership, as set out next. The contract is stated once here and asserted by
criteria 2, 3 and 4 above; STORY-004 asserts the same contract against the identical six-case
list, which is what keeps the viewing and download paths from diverging.

**The existing donor-reachable route, and its ownership gap.** This is not greenfield work. Core
declares `civicrm/contribute/invoice`, dispatching to
`CRM_Contribute_Form_Task_Invoice::getPrintPDF` behind the access callback
`CRM_Core_Permission::checkDownloadInvoice` ([`CRM/Contribute/xml/Menu/Contribute.xml`:299-307],
the page callback at [`CRM/Contribute/xml/Menu/Contribute.xml`:302] and the access callback at
[`CRM/Contribute/xml/Menu/Contribute.xml`:303]).

That callback resolves the session contact and returns true if the caller holds
`access CiviContribute`, **or** holds `view my invoices` **and** the request's `cid` equals the
session contact ([`CRM/Core/Permission.php`:1859-1874]). It never verifies that the
separately-supplied contribution `id` belongs to that contact — no contribution lookup occurs in
the function at all. Read plainly, a donor holding `view my invoices` could pass their own `cid`
alongside another contribution's `id`, which is precisely the failure the Epic's ""and nothing
else's"" exists to prevent.

The mismatch is documented in the function's own docblock, which is what makes this a defect
rather than a design choice: it states that the permission holds where ""the invoice author is the
current user"" ([`CRM/Core/Permission.php`:1859-1865]), an ownership semantic the code beneath it
does not implement.

> **Evidence standard.** The two preceding paragraphs are a **reading of the access callback's
> source**, not an exploit that was executed. No runtime was stood up for this run, no request
> was issued and no data was retrieved. Confirm it against the target deployment before treating
> it as an incident rather than as a design input to this story.

The surface has the shape it does because the two parameters are independent. The legacy
dashboard renders the link as `reset=1&id=$id&cid=$contact_id`
([`templates/CRM/Contribute/Page/UserDashboard.tpl`:43-60], the parameter assembly at
[`templates/CRM/Contribute/Page/UserDashboard.tpl`:48]) — `id` and `cid` travel separately, and
only one of them is checked. It renders that link when the `invoicing` setting is on and the
dashboard option is enabled, assigning a display flag from `view my invoices` **or**
`access CiviContribute` ([`CRM/Contribute/Page/UserDashboard.php`:119-146], the setting test at
[`CRM/Contribute/Page/UserDashboard.php`:126] and the permission flag at
[`CRM/Contribute/Page/UserDashboard.php`:143]).

`view my invoices` is a purpose-built donor-scoped permission, described as allowing users to
view or download their own invoices ([`CRM/Core/Permission.php`:958-961]). It is the
least-privilege candidate for a donor role, and STORY-001 owns that choice under `CLR-02`.

**Three properties of that route that correct assumptions it would be natural to make.** Each of
these changes what reusing it would actually commit the Epic to.

*It persists.* `getPrintPDF` ([`CRM/Contribute/Form/Task/Invoice.php`:671-677]) calls `printPDF`
([`CRM/Contribute/Form/Task/Invoice.php`:250]), which writes a stored file through `putFile`
([`CRM/Contribute/Form/Task/Invoice.php`:487], [`:501`], [`:514`], defined at [`:664`]) and
records an Activity through `addActivities` ([`:619`], the `Activity.create` call itself at
[`:649`]). A donor read on that route is therefore not side-effect-free today. Whether those
existing side effects are acceptable for a donor read is part of `CLR-10` and is **not** settled
here — this story asserts only that no column of the contribution record is written, which is a
different and narrower promise.

*It applies no status validation.* The four-status check — Completed, Pending, Refunded and
Partially paid — belongs to the form's `preProcess`
([`CRM/Contribute/Form/Task/Invoice.php`:67], the status set at [`:81`] and the bounce at
[`:92`], across [`:79-92`]). The donor entry point never invokes it: `getPrintPDF` retrieves `id`
and `cid` and calls `printPDF` directly ([`:671-677`], the call at [`:676`]). What `printPDF`
does instead is render Refunded and Cancelled as a credit note ([`:286-289`], the credit-note
assignment at [`:318-319`] and the template parameter at [`:410`]).

*The `invoicing` setting does not gate it.* **This claim is bounded to two files, and to those
two only:** the string `invoicing` appears nowhere in the route declaration
([`CRM/Contribute/xml/Menu/Contribute.xml`]) and nowhere in the task class
([`CRM/Contribute/Form/Task/Invoice.php`]). Within that bound, the setting governs only whether
the legacy dashboard *displays* a link ([`CRM/Contribute/Page/UserDashboard.php`:126]), not
whether the route authorizes or renders. No claim is made about the setting's effect elsewhere in
core. The consequence for the backlog is that `CLR-07` is a question about receipt shape and link
discoverability, **not** about route reachability.

**Donor status eligibility is an open product question, not an inherited rule.** The staff invoice
form's set is the only in-core precedent ([`CRM/Contribute/Form/Task/Invoice.php`:79-92]), and it
sits on a method the donor path never reaches, as above — so nothing in core currently constrains
which statuses a donor may receipt. That decision is `CLR-13`. Two invariants hold whichever set
is chosen, and both are asserted by criterion 4: the set is enforced **identically** by the
viewing path and by STORY-004's download path, and credit-note rendering is preserved for
Refunded and Cancelled rather than replaced by a plain receipt. List *visibility* of Failed and
Cancelled records is a separate decision belonging to STORY-002 under `CLR-11`.

**`receipt_date` records a send, not a document.** The column is nullable and its own description
reads ""when (if) receipt was sent. populated automatically for online donations w/ automatic
receipting"" ([`schema/Contribute/Contribution.entityType.php`:356-370], the description at
[`schema/Contribute/Contribution.entityType.php`:360]). Two consequences follow, and conflating
them is the most likely design error in this story:

- A recorded send is **not** evidence that a receipt document exists, and the absence of a
  `receipt_date` is **not** evidence that no receipt was ever issued. STORY-002's list labels the
  value as the date a receipt was sent for exactly this reason.
- The Contribution record stores **no canonical receipt document**. Historical PDFs may
  nonetheless exist as File records attached to Activities, because the staff path writes them
  ([`CRM/Contribute/Form/Task/Invoice.php`:664], [`:619`]) — so whether an originally issued
  artifact can be *identified as such* is `CLR-09`, an investigation, rather than a settled
  impossibility.

Criterion 6 holds under either answer: a defined state is shown, `receipt_date` is not written,
and nothing is presented as the originally issued receipt unless it is verifiably that artifact.

**The APIv3 `Contribution.sendconfirmation` action must not be used as a read path.** It is the
obvious-looking way to obtain receipt content and it mutates the record. Its `receipt_update`
input defaults to **true** when the caller omits it ([`api/v3/Contribution.php`:385-404], the
default at [`api/v3/Contribution.php`:397]), and the BAO mail path it calls
([`CRM/Contribute/BAO/Contribution.php`:3055]) writes `receipt_date` when the column is empty
([`CRM/Contribute/BAO/Contribution.php`:3068-3072]). Criterion 5 depends on no write occurring,
so this action is prohibited on the donor path — including with `receipt_update` passed false,
since a read path that is one omitted parameter away from mutating the record is not a read path.

**Three receipt shapes exist, and `CLR-06` chooses between them.** They are
[`CRM/Contribute/WorkflowMessage/ContributionOnlineReceipt.php`],
[`CRM/Contribute/WorkflowMessage/ContributionOfflineReceipt.php`] and
[`CRM/Contribute/WorkflowMessage/ContributionInvoiceReceipt.php`], each backed by templates under
`xml/templates/message_templates/`. The invoice-shaped output additionally depends on settings
that are **opt-in**: `invoicing` ([`ext/civi_contribute/settings/Contribute.setting.php`:46])
carries `'default' => 0` ([`ext/civi_contribute/settings/Contribute.setting.php`:52]), which is
what makes it opt-in rather than merely configurable, and `invoice_prefix`
([`ext/civi_contribute/settings/Contribute.setting.php`:62]) and `invoice_is_email_pdf`
([`ext/civi_contribute/settings/Contribute.setting.php`:118]) sit alongside it. So the invoice
shape cannot be assumed available on the target instance — that is `CLR-07`.

**Extend the existing coverage rather than duplicating it.** The rendered donor invoice link,
including both `id` and `cid`, is already asserted by
[`tests/phpunit/CRM/Contact/Page/View/UserDashBoardTest.php`:79-120] (the asserted markup at
[`tests/phpunit/CRM/Contact/Page/View/UserDashBoardTest.php`:120]), and invoice rendering is
covered by [`tests/phpunit/CRM/Contribute/Form/Task/InvoiceTest.php`:22-224]. The non-disclosure
cases in criteria 2 to 4 are new coverage with no existing home and need a test that varies the
identifier while holding the session fixed. Suites are declared over `tests/phpunit/api`,
`tests/phpunit/CRM` and `tests/phpunit/Civi` ([`phpunit.xml.dist`], the suites at
[`phpunit.xml.dist`:17-27]), bootstrapped through `tests/phpunit/CiviTest/bootstrap.php`
([`phpunit.xml.dist`:14]).

**No declarative mechanism is established for rendering a single receipt.** Nothing in this
checkout demonstrates Afform or SearchKit rendering one receipt document or serving a secure
single-document download; SearchKit's file-producing actions export *result sets* and refuse a
display whose `actions` setting is off — the condition these stories deliberately keep off
([`ext/search_kit/Civi/Api4/Action/SearchDisplay/Download.php`:31-34],
[`ext/search_kit/Civi/Api4/Action/SearchDisplay/SaveFile.php`:65]). This story therefore permits
**the smallest surface the capability actually needs** — a row-level link reaching a
purpose-scoped route, template or controller — rather than asserting a declarative mechanism that
has not been shown to exist, and rather than commissioning a component larger than the read
requires. Its shape follows from `CLR-10`, since hardening the existing route and specifying an
independent one imply different surfaces. Any new route must sit under `civicrm/…`, per the
routing constraint in STORY-001's contract.

**Specification anchors.** F-004 (CiviContribute), F-016 (Afform), F-017 (SearchKit) and F-023
(Financial Access Controls), together with §6.2.2. Feature identifiers take the form `F-XXX` and
requirement identifiers `F-XXX-RQ-YYY`. These anchors point at the ingested Technical
Specification, not at a file in this repository.

**Open questions.** Seven of the Epic's thirteen clarifications are owned by this story — more than
by any other, because the receipt semantics, the eligibility rule and the reuse-or-replace decision
all land here. Five are classified **blocking** for the later implementation run (`CLR-05`,
`CLR-08`, `CLR-09`, `CLR-10`, `CLR-13`): architecture, authorization or observable behaviour cannot
be settled without them. Two are **informational** (`CLR-06`, `CLR-07`) — a defensible default
exists, so implementation may proceed while the answer is confirmed, which means *proceed and
confirm*, not *ignore*. [`epics.md`](epics.md) §7 is where that classification is authoritative.

None of the seven is answered here. Each question is reproduced in full, in the same words the
closing summary uses, so that neither document can drift from the other:

`[NEEDS CLARIFICATION: CLR-05 — Must donor receipt reads be restricted by financial type? Because the read runs with permission checks disabled, neither the Contact ACL clause nor the financialacls hook is inherited, so any such restriction must be applied explicitly by this path. Is financialacls enabled on the target instance, and which types may a donor see?]`

`[NEEDS CLARIFICATION: CLR-06 — Which of the three existing receipt shapes — online, offline or invoice — does a donor see for a recurring-gift contribution?]`

`[NEEDS CLARIFICATION: CLR-07 — Is the opt-in invoicing setting enabled on the target instance? It determines whether the invoice receipt shape is available and whether the legacy dashboard shows an invoice link; it does not gate the invoice route itself.]`

`[NEEDS CLARIFICATION: CLR-08 — What does a donor see for a contribution with no recorded receipt_date: a defined no-receipt state, or a receipt rendered on demand? This governs whether the success criterion of a receipt for any past contribution is met for un-receipted contributions.]`

`[NEEDS CLARIFICATION: CLR-09 — Is a donor shown a reproduction of the receipt originally issued, or one regenerated from current data and current message templates? The Contribution record stores no receipt document, but historical PDFs may exist as File records attached to Activities; whether those can be reliably identified as the artifact originally issued needs investigation before this is settled.]`

`[NEEDS CLARIFICATION: CLR-10 — Should the existing civicrm/contribute/invoice route be hardened to verify contribution ownership and then reused, or left as it is with an independent receipt path specified? Hardening changes a route staff also reach; reusing it unmodified cannot satisfy the Epic's boundary. Either way, decide explicitly whether the stored file and Activity that route writes are acceptable for a donor read.]`

`[NEEDS CLARIFICATION: CLR-13 — Which contribution statuses may a donor obtain a receipt for? Core enforces no status rule on the donor route; the staff invoice form's set of Completed, Pending, Refunded and Partially paid is the only in-core precedent, and Refunded and Cancelled render as credit notes. The chosen set must be enforced identically by the viewing and download paths.]`","STORY-001, STORY-002","8","donor-portal receipts security civicontribute"
"STORY-004","Recurring-gift receipt download","Deliver the same receipt content as a downloadable file a donor can keep, under **identical**
ownership, scoping and eligibility enforcement to the viewing path, and reached by the same
row-level link mechanism with the display's `actions` setting left false.

**""Identical"" is the operative word, and it is a design instruction rather than a description.**
The download path re-applies the same four predicates against the same server-derived identity,
refuses under the same non-disclosing contract, and honours the same status-eligibility set as the
viewing path — by *referring* to that one contract rather than by carrying its own copy of it. A
download path holding a second copy of the rule is a path that can silently drift from the viewer
it is supposed to mirror, and the failure that produces is a donor obtaining as a file something
they are not permitted to see on screen.

**Where the delivered format is a PDF**, rendering runs through
`CRM_Utils_PDF_Utils::html2pdf()`, whose engine is chosen by configuration — WeasyPrint, then
wkhtmltopdf, then bundled dompdf. So this story carries the **host prerequisite** that the first
two imply: their PHP wrappers are present in the dependency lock, while the external executables
they drive are not guaranteed to exist on the target instance. That is a provisioning question,
not a dependency question, and the story states it as such.","Gives a donor their own copy to keep — for personal and tax records — without asking staff to send
one.

The business objective supplied with this request records that **a donor who wants a copy of a past
receipt has to ask staff for it**, and that **donors are frustrated at being unable to do simple
things themselves outside business hours**, because the queue only moves while the office is open.
A download request is the clearest instance of both: the donor knows exactly which record they
want, and producing the file needs no judgement that a person has to supply — yet today the request
joins the queue that **costs the team several hours a week** across the people who field it.

It completes the **download** half of the success criterion that a donor can *view and download a
receipt for any past contribution generated by their recurring gift(s) specifically*; STORY-003
delivers the view half, against the same contract. It also delivers the criterion that the
self-service area is reachable **without calling or emailing staff** — a criterion that is not met
while the only route to a file a donor can keep still runs through a staff member.

The priority is **Medium**, and the reason belongs here rather than being left to inference: this
story introduces no new record-level boundary, inheriting STORY-003's whole. The criterion that the
portal exposes only a donor's own history, never another donor's, is delivered by STORY-001,
STORY-002 and STORY-003 — which is why those three carry High and this one does not
([`epics.md`](epics.md) §4.3).","[ ] Given a donor viewing a receipt they own, when they request a download, then a file is returned whose content corresponds to the receipt displayed.
[ ] Given an identifier the donor does not own, or one failing any scoping or eligibility predicate, when a download is requested for it, then the same non-disclosing refusal contract that STORY-003 defines applies, verified against the identical case list — an identifier that does not exist, one the donor does not own, one whose recurring link is null, one flagged as test-mode, one dated in the future, and one outside the eligible-status set — with all six producing one identical response.
[ ] Given a contribution with no recorded `receipt_date`, when a download is requested, then the behaviour defined for the viewing path applies and no empty or malformed file is returned.
[ ] Given a download completes, then no column of the contribution record is written, and no new logging or audit capability is exercised beyond what `CLR-10` authorises for the chosen route.
[ ] Given the donor-facing display, when its configuration is reviewed, then `actions` remains false and the download affordance is a row-level link, so no bulk task and no result-set export is reachable by a donor role.","Every claim below is a **reading of source at the stated address**, obtained by static inspection
of this checkout. No runtime was stood up for this run — no CiviCRM instance was installed, no
request was issued, no file was rendered and no data was retrieved — so nothing here rests on
observed behaviour, and any statement about what a *particular deployment* has configured or
installed is raised as a clarification rather than asserted. The baseline is CiviCRM `6.17.alpha1`
([`xml/version.xml`:3]); a different target version must be re-checked against these addresses
before the story is estimated as it stands.

**Enforcement is the viewing path's, referenced and not restated.** All four of STORY-001's
predicates — 1 through 4, in the numbering that contract publishes — plus whichever status set
`CLR-13` fixes are applied by this path too, server-side, on an identifier the caller supplies and
cannot widen. The definitions live in STORY-001 and STORY-003 and are deliberately not reproduced
here: a single normative statement is what makes the two receipt paths verifiably the same, and
restating it would create exactly the second copy whose divergence criterion 2 exists to catch.

**The existing donor route is both the precedent and the warning.** That route,
`civicrm/contribute/invoice`, is documented in STORY-003 — its declaration, its access callback and
the ownership gap in that callback — and this story takes that account as given rather than
re-establishing it. It is the **precedent** because the route already delivers a file to a donor,
so file delivery on this data is not novel work. It is the **warning** because of *how* it delivers
one: `getPrintPDF`
([`CRM/Contribute/Form/Task/Invoice.php`:671-677], the call out at
[`CRM/Contribute/Form/Task/Invoice.php`:676]) reaches `printPDF`
([`CRM/Contribute/Form/Task/Invoice.php`:250]), which writes a **stored file** through `putFile`
([`CRM/Contribute/Form/Task/Invoice.php`:487], [`:501`], [`:514`], defined at [`:664`], where it
delegates to `CRM_Utils_Mail::appendPDF`) and records an **Activity** through `addActivities`
([`:619`], the `Activity.create` call itself at [`:649`]). A donor download on that route is
therefore not side-effect-free today.

**Whether those side effects are acceptable for a donor read is `CLR-10`, and `CLR-10` is owned by
STORY-003.** Criterion 4 defers to it rather than pre-empting it, which is precisely why that
criterion is worded ""beyond what `CLR-10` authorises for the chosen route"" instead of the flatter
and more tempting ""no file is written"". This story asserts only the narrower promise it can keep
regardless of how `CLR-10` is answered: that **no column of the contribution record is written**.
Deciding the route's persistence behaviour here — in the story that merely consumes the route —
would settle a question belonging to the story that chooses it.

**PDF rendering: the engine is a configuration choice.** Where the delivered format is a PDF,
rendering runs through `CRM_Utils_PDF_Utils::html2pdf()` ([`CRM/Utils/PDF/Utils.php`:36]), which
selects an engine in a fixed order — a configured WeasyPrint path first
([`CRM/Utils/PDF/Utils.php`:120]), then a configured wkhtmltopdf path
([`CRM/Utils/PDF/Utils.php`:123]), then bundled dompdf as the fallback
([`CRM/Utils/PDF/Utils.php`:127]). Configuration decides; the calling code does not.

**No dependency is added by this story.** All three engines are driven through Composer packages
already present in the lock — `dompdf/dompdf` `v3.1.4`, `pontedilana/php-weasyprint` `1.4.0` and
`knplabs/knp-snappy` `v1.7.1` ([`composer.lock`]) — and the renderer instantiates the latter two
directly ([`CRM/Utils/PDF/Utils.php`:182] for WeasyPrint, [`CRM/Utils/PDF/Utils.php`:204] for
wkhtmltopdf), each constructor taking the executable path from the very setting that selected it.

**What differs between the engines is a host prerequisite, not a dependency change.** dompdf
renders in-process. The other two shell out to an **external executable at the configured path**,
so on an instance configured for either, that binary must be installed and present at that path.
It is resolved by provisioning the host, never by adding a package — and conflating the two is the
error this note exists to prevent, because the wrappers being in the lock makes the capability
*look* self-contained when it is not.

`CLR-12` therefore has a testable hook rather than needing a manual trawl through settings: the
public helper `getPdfEngine()` ([`CRM/Utils/PDF/Utils.php`:131-141]) reports which of the three the
current configuration selects, by the same three-way test the renderer itself applies. Asking it
which engine is live, and then confirming that engine's binary is present, is the whole of the
target-instance half of that question.

**SearchKit's own download action is not the mechanism.** It streams a *result-set* export and
refuses outright any display whose `actions` setting is off, answering with `permissionDenied()`
([`ext/search_kit/Civi/Api4/Action/SearchDisplay/Download.php`:31-34]); the same gate guards file
save ([`ext/search_kit/Civi/Api4/Action/SearchDisplay/SaveFile.php`:65]). This story delivers **one
rendered receipt**, not a result set, so neither action is a candidate. Bulk or list-level export
of the contribution history is out of scope for this Epic in any case — its two verbs are to view
and to download a *receipt*.

**The affordance is a row-level column link**, supplied by STORY-002's list, and it renders on a
path that does not consult the `actions` setting: links are preprocessed per column
([`ext/search_kit/Civi/Api4/Action/SearchDisplay/AbstractRunAction.php`:898-911], the
`link`/`links` branch at
[`ext/search_kit/Civi/Api4/Action/SearchDisplay/AbstractRunAction.php`:903-908]) and formatted per
row ([`ext/search_kit/Civi/Api4/Action/SearchDisplay/AbstractRunAction.php`:575-589], the per-link
call at [`ext/search_kit/Civi/Api4/Action/SearchDisplay/AbstractRunAction.php`:584]).

**That negative claim is bounded by enumeration rather than asserted.** Within `ext/search_kit`
the setting is read at exactly five addresses, and none of the five is on the link path:

1. it is set to `TRUE` for a table display
   ([`ext/search_kit/Civi/Api4/Event/Subscriber/DefaultDisplaySubscriber.php`:154]);
2. it gates which bulk tasks are enabled
   ([`ext/search_kit/Civi/Api4/Event/Subscriber/SearchDisplayTasksSubscriber.php`:48-59], the read
   at [`ext/search_kit/Civi/Api4/Event/Subscriber/SearchDisplayTasksSubscriber.php`:48]);
3. it guards result-set export
   ([`ext/search_kit/Civi/Api4/Action/SearchDisplay/Download.php`:32]);
4. it guards file save ([`ext/search_kit/Civi/Api4/Action/SearchDisplay/SaveFile.php`:65]);
5. it triggers adding a primary-key field for non-DAO entities
   ([`ext/search_kit/Civi/Api4/Action/SearchDisplay/AbstractRunAction.php`:1557]).

No claim is made about the setting's effect outside that extension.

**A table display defaults `actions` to `TRUE`**
([`ext/search_kit/Civi/Api4/Event/Subscriber/DefaultDisplaySubscriber.php`:152-165], the assignment
at [`ext/search_kit/Civi/Api4/Event/Subscriber/DefaultDisplaySubscriber.php`:154]), so keeping it
false on the donor display is an **explicit setting**, not a state inherited by leaving the display
alone. That is what criterion 5 reviews, and it is what keeps bulk tasks and result-set export out
of a donor's reach while the row-level receipt link continues to work.

**The delivered file format is not chosen here.** It follows from two decisions STORY-003 owns —
the receipt-shape choice (`CLR-06`) and the reproduction-versus-regeneration choice (`CLR-09`) —
and the format question in its own right is `CLR-12`. Naming a format in this story would answer a
question the Epic has deliberately left open and would do so in the wrong document; every
criterion above is written to hold whichever format is chosen.

**`receipt_date` must not be written, and the prohibition STORY-003 records applies here
unchanged.** The APIv3 `Contribution.sendconfirmation` action is the obvious-looking way to obtain
receipt content, and it mutates the record: its `receipt_update` input defaults to **true** when
the caller omits it ([`api/v3/Contribution.php`:385-404], the default at
[`api/v3/Contribution.php`:397]), and the BAO mail path it calls writes `receipt_date` when the
column is empty ([`CRM/Contribute/BAO/Contribution.php`:3068-3072]). Criterion 4 depends on no
write occurring, so that action is prohibited on the download path for the same reason, and to the
same extent, as on the viewing path.

**Specification anchors.** F-004 (CiviContribute), F-013 (APIv3) and F-017 (SearchKit), together
with §6.2.2. Feature identifiers take the form `F-XXX` and requirement identifiers `F-XXX-RQ-YYY`.
These anchors point at the ingested Technical Specification, not at a file in this repository.

**Open questions.** One, owned by this story. It is classified **informational** — a defensible
default exists, so implementation may proceed while the answer is confirmed, which means *proceed
and confirm*, not *ignore*. [`epics.md`](epics.md) §7 is where that classification is
authoritative. It is not answered here, and it is reproduced in full, in the same words the closing
summary uses, so that neither document can drift from the other:

`[NEEDS CLARIFICATION: CLR-12 — In what file format is a downloaded receipt delivered, and where WeasyPrint or wkhtmltopdf is the configured PDF engine, is that external executable present at the configured path on the target instance?]`

The other open questions this story's work touches — the reuse-or-replace decision (`CLR-10`), the
receipt shape (`CLR-06`) and the reproduction question (`CLR-09`) — are **owned and raised by
STORY-003**. They are referenced above where they bear on a criterion, and deliberately not
restated as flags of this story, so that each question has exactly one owner.","STORY-003","3","donor-portal receipts download civicontribute"
